Step,Energy
0,-614.994042328
1,-615.001533597
2,-615.001706563
3,-615.001804095
4,-615.001838950
5,-615.001917802
6,-615.001951198
7,-615.001952347
8,-615.001952408
9,-615.001952473
10,-615.001952473
11,-615.001952473